project,target,configuration,hash,code,status,start,end
@gaemi-school/themes,build,,4833607812822645537,0,success,1721027214521,1721027221176
client,build,,15221826728842168821,1,failure,1721027221178,1721027222723
@gaemi-school/themes,build,,4833607812822645537,0,local-cache,1721027346529,1721027346564
client,build,,15221826728842168821,0,success,1721027346571,1721027386297
@gaemi-school/themes,build,,10340020381197515372,0,success,1721028377536,1721028384715
@gaemi-school/esbuild-config,build,,636218247948126845,0,success,1721031816112,1721031817262
@gaemi-school/themes,build,,12581827806385193295,0,success,1721031817264,1721031824552
@gaemi-school/esbuild-config,build,,636218247948126845,0,local-cache,1721032677079,1721032677130
@gaemi-school/themes,build,,12581827806385193295,0,local-cache,1721032677135,1721032677151
@gaemi-school/react-components-layout,build,,10986978310773232451,0,success,1721032677158,1721032685482
